Statistic Measure	Naive Bayes	Random_Forest	SVM	KNN	My Method	
Accuracy	0.95255	0.93788	0.95899	0.95907	0.95899	
Precision	0.94981	0.93573	0.95508	0.95473	0.95508	
Recall	0.94826	0.93331	0.95633	0.95597	0.95633	
F-Measure	0.94885	0.93377	0.95556	0.95522	0.95556	
